id,first_name,last_name,email,gender,ip_address,salary
1,Florentia,Squelch,fsquelch0@uiuc.edu,Agender,191.8.15.204,4548
2,Jud,Swin,jswin1@diigo.com,Male,29.189.89.67,9070
3,Davon,Clothier,dclothier2@stumbleupon.com,Male,238.253.230.177,5614
4,Sherry,Cranton,scranton3@eventbrite.com,Female,18.236.126.17,9080
5,Wald,Gilgryst,wgilgryst4@skype.com,Male,127.112.3.22,8065
6,Nathan,Yakunin,nyakunin5@360.cn,Male,28.128.200.235,8858
7,Rutherford,Waison,rwaison6@smh.com.au,Male,107.12.8.242,3576
8,Lilly,Pannaman,lpannaman7@cisco.com,Female,164.145.104.106,8464
9,Julius,Cattach,jcattach8@meetup.com,Male,158.52.106.231,6215
10,Duke,Greville,dgreville9@google.com.au,Male,68.116.72.208,7243
11,Herta,Upfold,hupfolda@rakuten.co.jp,Female,55.61.123.145,3866
12,Hershel,Caulkett,hcaulkettb@apache.org,Polygender,238.159.211.77,2902
13,Kev,Spears,kspearsc@comcast.net,Male,110.39.189.84,5299
14,Cherie,Deroche,cderoched@businessinsider.com,Female,131.182.199.158,9226
15,Maxy,Vedekhin,mvedekhine@walmart.com,Male,216.202.122.212,7895
16,Bondie,Spillett,bspillettf@mashable.com,Male,232.210.4.149,8917
17,Fairleigh,Jachtym,fjachtymg@symantec.com,Male,127.251.225.198,3152
18,Ricard,Clutton,rcluttonh@networkadvertising.org,Male,103.177.227.167,3882
19,Ronnica,Vanshin,rvanshini@ihg.com,Female,184.177.204.122,9459
20,Nelli,Troker,ntrokerj@usda.gov,Female,204.68.55.12,9263
21,Moe,Labrenz,mlabrenzk@mozilla.org,Bigender,27.207.249.191,5851
22,Arel,Ollerearnshaw,aollerearnshawl@miibeian.gov.cn,Male,97.223.72.186,6987
23,Malissa,Baughen,mbaughenm@amazonaws.com,Female,70.153.209.47,2137
24,Frannie,Reveley,freveleyn@illinois.edu,Female,101.242.58.176,2296
25,Lorine,Egre,legreo@fc2.com,Bigender,108.75.215.243,7362
26,Kristoforo,Figliovanni,kfigliovannip@jalbum.net,Male,222.118.19.16,5588
27,Elnore,Kershow,ekershowq@shutterfly.com,Female,204.105.66.90,4711
28,Otho,Shimon,oshimonr@scribd.com,Male,47.71.149.46,7462
29,Mateo,Rostron,mrostrons@cnbc.com,Male,30.14.159.146,9751
30,Cello,Flitcroft,cflitcroftt@amazon.co.jp,Male,250.225.102.84,9353
31,Stevena,Itzcak,sitzcaku@ustream.tv,Female,3.217.1.20,4551
32,Cliff,Halls,challsv@studiopress.com,Male,65.92.70.102,5119
33,Tobin,Bukac,tbukacw@tuttocitta.it,Male,171.219.72.175,1626
34,Early,Birtwistle,ebirtwistlex@godaddy.com,Male,202.211.149.26,2373
35,Charlton,Dibbert,cdibberty@cmu.edu,Male,173.156.76.27,9566
36,Elspeth,Oswald,eoswaldz@skyrock.com,Female,66.247.197.65,2560
37,Judith,Lahive,jlahive10@youtu.be,Female,65.94.205.25,8788
38,Laraine,Thurgood,lthurgood11@nasa.gov,Female,61.116.57.28,6756
39,Elvin,Anan,eanan12@over-blog.com,Male,160.97.254.160,4358
40,Bambie,Corneljes,bcorneljes13@weather.com,Female,17.171.171.203,6029
41,Jodi,Dornin,jdornin14@feedburner.com,Female,121.43.115.240,1405
42,Demetra,Akerman,dakerman15@senate.gov,Genderfluid,193.6.104.220,5839
43,Florie,Lissaman,flissaman16@hp.com,Female,48.95.215.70,7057
44,Janie,Baudins,jbaudins17@fc2.com,Female,62.252.130.189,1807
45,Shane,Adcock,sadcock18@bbc.co.uk,Female,206.204.245.161,4996
46,Cedric,Lenton,clenton19@boston.com,Male,67.209.30.172,8364
47,Janek,Fairbeard,jfairbeard1a@friendfeed.com,Bigender,128.0.166.197,6961
48,Lorita,Sautter,lsautter1b@printfriendly.com,Female,253.131.60.195,8729
49,Ebeneser,Huggon,ehuggon1c@ftc.gov,Male,139.183.202.145,2573
50,Arthur,Burdon,aburdon1d@t-online.de,Male,245.207.180.239,2713
51,Cally,Kerford,ckerford1e@instagram.com,Female,143.177.208.187,4084
52,Layney,Ruddy,lruddy1f@amazonaws.com,Female,127.91.151.235,5327
53,Morganica,Mudge,mmudge1g@histats.com,Female,215.2.255.71,7886
54,Kalli,Bonanno,kbonanno1h@virginia.edu,Female,102.211.239.186,2460
55,Joelle,Picker,jpicker1i@admin.ch,Female,77.92.248.255,9349
56,Reg,Brandon,rbrandon1j@exblog.jp,Male,2.211.36.247,4592
57,Nessy,Piscopiello,npiscopiello1k@topsy.com,Female,135.240.201.108,2259
58,Kennie,Spera,kspera1l@imgur.com,Male,34.224.136.162,2976
59,Jorge,Guare,jguare1m@nsw.gov.au,Male,26.252.212.225,3457
60,Bryan,Messenger,bmessenger1n@rambler.ru,Male,200.180.65.83,3079
61,Sibyl,Pyatt,spyatt1o@webeden.co.uk,Female,159.85.242.48,8148
62,Duncan,Lefwich,dlefwich1p@alibaba.com,Male,130.212.89.123,4655
63,Rod,Varah,rvarah1q@rambler.ru,Male,124.128.203.63,7390
64,Alix,Salla,asalla1r@soup.io,Male,189.65.172.69,8745
65,Beryl,Fibbings,bfibbings1s@economist.com,Female,95.134.109.8,2952
66,Diana,Heigl,dheigl1t@nymag.com,Female,75.159.202.127,6664
67,Tilda,Pulsford,tpulsford1u@g.co,Female,91.245.198.242,1664
68,Zacharia,Jacquemard,zjacquemard1v@ifeng.com,Male,68.37.252.253,8378
69,Winna,Mayers,wmayers1w@wisc.edu,Female,102.191.65.79,8955
70,Deny,Messier,dmessier1x@jigsy.com,Female,198.91.162.119,4861
71,Willy,Denziloe,wdenziloe1y@springer.com,Female,78.112.100.17,8646
72,Urban,Symons,usymons1z@constantcontact.com,Male,36.70.119.232,2803
73,Lyle,Prate,lprate20@123-reg.co.uk,Male,210.164.67.31,6226
74,Ferdie,Oman,foman21@instagram.com,Genderfluid,48.216.37.122,5258
75,Ulysses,Southerden,usoutherden22@mapy.cz,Male,32.197.153.166,1958
76,Dode,Loving,dloving23@people.com.cn,Female,182.90.105.193,5950
77,Braden,Dounbare,bdounbare24@chicagotribune.com,Male,70.177.108.246,9700
78,Garrek,Wavell,gwavell25@wiley.com,Male,199.49.233.169,5811
79,Jermain,Gladtbach,jgladtbach26@ft.com,Male,192.203.255.192,8199
80,Lenore,Yankeev,lyankeev27@arizona.edu,Female,195.138.159.161,7720
81,Jenda,Maymond,jmaymond28@ning.com,Female,156.226.57.143,1245
82,Willdon,Whyke,wwhyke29@imdb.com,Male,32.61.132.221,3825
83,Shir,Cockson,scockson2a@umich.edu,Female,198.156.143.66,2686
84,Starlin,Bonnavant,sbonnavant2b@bizjournals.com,Female,243.241.159.3,2326
85,Devin,Phizackarley,dphizackarley2c@chicagotribune.com,Male,204.68.213.59,3940
86,Woodman,Rumney,wrumney2d@slideshare.net,Male,85.133.209.8,1759
87,Weber,Rathke,wrathke2e@vinaora.com,Male,203.168.124.130,3771
88,Stefan,Cobbe,scobbe2f@elegantthemes.com,Male,166.98.193.5,8262
89,Towny,Stallion,tstallion2g@bigcartel.com,Male,165.82.67.3,5836
90,Clio,Meikle,cmeikle2h@oaic.gov.au,Female,158.48.244.118,6528
91,Leese,Iorillo,liorillo2i@answers.com,Female,186.138.62.243,3425
92,Gardie,Ettritch,gettritch2j@weibo.com,Male,103.49.183.114,2351
93,Ella,Chartman,echartman2k@dot.gov,Female,213.195.60.38,7155
94,Geordie,Genn,ggenn2l@uol.com.br,Male,86.58.249.13,8139
95,Melvin,Dubarry,mdubarry2m@google.com.br,Male,234.105.122.164,9004
96,Emelyne,Northin,enorthin2n@360.cn,Female,135.53.2.17,5289
97,Steward,Corbyn,scorbyn2o@behance.net,Male,246.135.148.153,2444
98,Clarabelle,Dumbrall,cdumbrall2p@sitemeter.com,Female,104.214.136.150,2146
99,Hamid,Tomini,htomini2q@reuters.com,Male,29.24.154.55,2804
100,Franklin,Earles,fearles2r@ehow.com,Male,170.10.6.178,2169
101,Decca,Nouch,dnouch2s@jimdo.com,Male,155.82.170.185,3730
102,Natty,Scantleberry,nscantleberry2t@wikipedia.org,Male,119.236.132.156,2142
103,Sasha,Nevinson,snevinson2u@people.com.cn,Male,8.206.152.180,4942
104,Ardys,Girardeau,agirardeau2v@ucla.edu,Non-binary,134.9.116.171,3451
105,Bobbie,McGettigan,bmcgettigan2w@cnet.com,Female,138.240.76.110,3747
106,Alejandro,Goldwater,agoldwater2x@fda.gov,Male,71.34.30.172,9694
107,Sibel,Weagener,sweagener2y@nhs.uk,Female,28.130.167.214,1924
108,Nestor,Halsted,nhalsted2z@symantec.com,Male,117.233.103.254,9307
109,Kory,Pullinger,kpullinger30@huffingtonpost.com,Male,196.216.95.35,4295
110,Herold,Dowbekin,hdowbekin31@youtu.be,Male,82.203.100.87,4568
111,Juditha,Mougeot,jmougeot32@ow.ly,Female,155.56.212.148,8603
112,Titus,Mineghelli,tmineghelli33@who.int,Male,18.183.209.246,4103
113,Hamlen,Linklater,hlinklater34@edublogs.org,Male,110.166.156.226,9071
114,Dottie,Kalisz,dkalisz35@fc2.com,Female,119.218.248.170,5663
115,Poul,Bachanski,pbachanski36@google.ru,Male,117.160.161.62,9793
116,Dmitri,Flay,dflay37@senate.gov,Male,80.183.77.195,7901
117,Celinka,McIlwrick,cmcilwrick38@zimbio.com,Female,12.43.76.99,3447
118,Kathi,Goodbur,kgoodbur39@baidu.com,Female,207.147.236.207,2187
119,Tim,Cankett,tcankett3a@issuu.com,Female,221.101.125.39,2291
120,Colby,Haton,chaton3b@webmd.com,Male,102.243.1.204,9769
121,Yvor,Cordle,ycordle3c@spiegel.de,Male,175.7.41.147,2768
122,Tobe,Hixley,thixley3d@drupal.org,Male,0.248.181.171,6652
123,Gabriel,Helwig,ghelwig3e@joomla.org,Male,230.153.90.45,6334
124,Jenifer,Stutt,jstutt3f@pinterest.com,Female,105.126.66.174,9024
125,Ermentrude,Rodman,erodman3g@printfriendly.com,Female,55.62.211.45,9841
126,Jodi,Reston,jreston3h@freewebs.com,Female,157.24.78.210,6348
127,Vidovik,Heineken,vheineken3i@go.com,Male,162.83.9.86,2907
128,Cati,Euels,ceuels3j@microsoft.com,Genderfluid,168.115.68.0,9880
129,Portia,Jansen,pjansen3k@umn.edu,Female,15.207.208.131,2545
130,Gearard,Coleborn,gcoleborn3l@moonfruit.com,Male,131.239.20.217,7700
131,Norrie,Bukowski,nbukowski3m@skype.com,Male,186.206.16.45,6177
132,Rusty,Stoate,rstoate3n@tinyurl.com,Genderfluid,149.198.144.5,3329
133,Willabella,Daughtrey,wdaughtrey3o@census.gov,Female,111.233.80.240,8381
134,Dian,Klasen,dklasen3p@behance.net,Female,67.23.80.24,6125
135,Courtney,Scough,cscough3q@deliciousdays.com,Male,17.111.112.87,8625
136,Javier,Ewells,jewells3r@shop-pro.jp,Male,161.197.29.81,2573
137,Alice,Maskell,amaskell3s@istockphoto.com,Female,25.194.135.184,7966
138,Wyndham,Varns,wvarns3t@hatena.ne.jp,Male,41.164.17.238,8911
139,Mitchel,Brende,mbrende3u@washingtonpost.com,Male,25.29.195.34,4289
140,Earlie,Bouller,ebouller3v@si.edu,Male,84.93.147.246,3823
141,Donnajean,Titmarsh,dtitmarsh3w@bloglines.com,Female,55.141.224.131,8766
142,Emerson,Hintze,ehintze3x@51.la,Male,184.19.234.42,7079
143,Josy,Mapes,jmapes3y@vk.com,Female,168.159.52.50,1440
144,Kliment,Brookzie,kbrookzie3z@gmpg.org,Genderfluid,201.200.124.136,7456
145,Sophie,Beebee,sbeebee40@yolasite.com,Female,62.165.199.41,8902
146,Clemente,Rawe,crawe41@tuttocitta.it,Male,106.248.107.56,3885
147,Lethia,Burel,lburel42@google.pl,Female,119.109.254.178,3282
148,Tobit,Franklyn,tfranklyn43@hao123.com,Male,148.241.213.189,1615
149,Germaine,Scorer,gscorer44@etsy.com,Male,82.68.147.172,9805
150,Anet,Sheron,asheron45@patch.com,Genderfluid,131.159.251.11,3470
151,Christophe,Goodlud,cgoodlud46@google.ca,Male,70.92.221.135,8062
152,Trueman,Rogliero,trogliero47@dedecms.com,Male,122.51.120.15,1592
153,Rutger,Spurden,rspurden48@google.com.au,Male,19.140.231.139,6509
154,Lillian,Kettley,lkettley49@bbb.org,Female,191.174.47.121,4187
155,Claribel,Spaughton,cspaughton4a@independent.co.uk,Female,171.192.78.195,9828
156,Hurlee,Vedmore,hvedmore4b@nyu.edu,Male,206.173.108.204,8322
157,Salim,Mullany,smullany4c@hugedomains.com,Male,84.201.79.76,8037
158,Antonio,Goede,agoede4d@unesco.org,Male,138.120.44.84,1412
159,Odelle,Slocumb,oslocumb4e@cnn.com,Female,197.205.94.172,5606
160,Broddy,Rennicks,brennicks4f@weebly.com,Male,65.132.87.156,3487
161,Tandie,Bithell,tbithell4g@ucla.edu,Female,231.4.111.153,4418
162,Shelbi,Farnhill,sfarnhill4h@cocolog-nifty.com,Female,134.96.16.218,1185
163,Kay,Duke,kduke4i@myspace.com,Female,22.15.178.168,3276
164,Carlota,Dudin,cdudin4j@acquirethisname.com,Female,131.192.110.125,7048
165,Nisse,Hancox,nhancox4k@loc.gov,Female,19.74.209.247,1969
166,Jephthah,Eddoes,jeddoes4l@hexun.com,Male,58.42.197.206,1335
167,Emylee,Hainge,ehainge4m@jigsy.com,Female,105.252.104.109,7354
168,Alayne,Oswald,aoswald4n@apple.com,Bigender,1.193.53.235,5853
169,Charlena,Moreman,cmoreman4o@imdb.com,Female,48.146.4.155,4717
170,Prudi,Plail,pplail4p@smh.com.au,Female,31.121.82.159,5408
171,Cesare,Wickwarth,cwickwarth4q@marriott.com,Male,183.249.186.177,6886
172,Bernhard,Iglesias,biglesias4r@livejournal.com,Male,5.95.54.72,5046
173,Margaret,Tremayle,mtremayle4s@edublogs.org,Female,22.96.128.193,2587
174,Drusi,Wealleans,dwealleans4t@jigsy.com,Bigender,59.82.84.76,8814
175,Nicko,Andreotti,nandreotti4u@nydailynews.com,Male,88.186.250.91,2016
176,Lucie,Silkston,lsilkston4v@usatoday.com,Female,91.254.195.209,2181
177,Yasmin,Prestage,yprestage4w@walmart.com,Female,200.231.238.32,9519
178,Stan,Bartolomeotti,sbartolomeotti4x@time.com,Male,230.13.12.193,8645
179,Merissa,Banasevich,mbanasevich4y@sina.com.cn,Polygender,64.106.69.175,8432
180,Eberhard,Trehearne,etrehearne4z@friendfeed.com,Male,201.107.162.145,4173
181,Hilda,Paddle,hpaddle50@un.org,Female,241.10.175.79,3344
182,Ruthy,Suttaby,rsuttaby51@squarespace.com,Female,106.219.239.230,5926
183,Thorn,Zecchetti,tzecchetti52@paginegialle.it,Male,229.144.163.234,1480
184,Jolee,Walne,jwalne53@paypal.com,Female,233.33.87.55,5814
185,Julianne,Brazel,jbrazel54@vinaora.com,Female,105.42.244.45,5772
186,Jillie,Jamrowicz,jjamrowicz55@cloudflare.com,Female,134.188.4.183,5025
187,Mateo,De Fraine,mdefraine56@hatena.ne.jp,Male,51.100.217.172,3755
188,Raffarty,McArley,rmcarley57@techcrunch.com,Male,125.78.27.172,2253
189,Joyann,Adriani,jadriani58@fc2.com,Female,250.104.45.177,9589
190,Kerri,Ucceli,kucceli59@theguardian.com,Bigender,208.155.226.248,4131
191,Maury,Von Der Empten,mvonderempten5a@twitpic.com,Agender,134.146.101.71,5263
192,Graehme,Belson,gbelson5b@prlog.org,Male,167.238.115.193,6996
193,Moreen,Weldrake,mweldrake5c@fema.gov,Female,254.56.165.204,7957
194,Carlie,Warre,cwarre5d@rakuten.co.jp,Female,141.109.71.92,1675
195,Mendel,Coan,mcoan5e@printfriendly.com,Male,194.22.135.0,3490
196,Rorke,Hurlestone,rhurlestone5f@ycombinator.com,Male,66.40.130.182,5527
197,Edwin,Silverstone,esilverstone5g@army.mil,Male,43.6.194.128,6478
198,Kathleen,Toner,ktoner5h@photobucket.com,Female,230.201.158.231,3219
199,Levey,Fearick,lfearick5i@ox.ac.uk,Male,141.61.148.96,7907
200,Brear,Doogan,bdoogan5j@mozilla.org,Female,143.251.101.217,1803
201,Nanette,Macer,nmacer5k@miibeian.gov.cn,Female,137.159.181.5,2907
202,Basile,Hammon,bhammon5l@latimes.com,Male,51.49.143.155,6030
203,Thedrick,Messenger,tmessenger5m@thetimes.co.uk,Male,199.233.133.173,3451
204,Corey,Ormston,cormston5n@examiner.com,Male,170.4.136.204,6449
205,Stacy,Piffe,spiffe5o@hatena.ne.jp,Female,119.152.192.168,3527
206,Cilka,Gerold,cgerold5p@abc.net.au,Agender,42.186.69.24,4665
207,Rozelle,Grimolbie,rgrimolbie5q@amazon.de,Female,254.111.158.237,3504
208,Adiana,Trammel,atrammel5r@xinhuanet.com,Female,182.9.203.6,6916
209,Melany,Feldfisher,mfeldfisher5s@mediafire.com,Female,125.36.42.175,4701
210,Curtice,Snarie,csnarie5t@tiny.cc,Male,28.1.179.137,4276
211,Nomi,Ollivierre,nollivierre5u@unblog.fr,Female,133.174.106.136,7672
212,Bernete,Featonby,bfeatonby5v@soundcloud.com,Female,18.91.73.105,8834
213,Gram,Canlin,gcanlin5w@reverbnation.com,Male,61.83.197.31,8812
214,Ferdinand,Lejeune,flejeune5x@pen.io,Male,11.70.245.163,8485
215,Kai,Schieferstein,kschieferstein5y@behance.net,Bigender,169.212.122.244,1751
216,Kaleena,Roscam,kroscam5z@storify.com,Female,85.49.131.233,7714
217,Valerie,Hars,vhars60@wufoo.com,Female,115.229.164.74,6207
218,Nonna,Edmons,nedmons61@constantcontact.com,Agender,30.242.134.211,2855
219,Joan,Jelleman,jjelleman62@youku.com,Female,132.107.242.4,9024
220,Townsend,Kippin,tkippin63@addtoany.com,Male,164.94.139.112,2636
221,Rachelle,Silver,rsilver64@bbc.co.uk,Female,22.27.87.145,2240
222,Isadora,Nancekivell,inancekivell65@free.fr,Female,120.176.182.240,6961
223,Josias,Melbury,jmelbury66@tiny.cc,Male,169.138.168.47,2071
224,Selia,Folbige,sfolbige67@dropbox.com,Female,247.171.67.158,3358
225,Orland,Whitechurch,owhitechurch68@youtu.be,Male,159.98.64.176,6813
226,Sada,Plumstead,splumstead69@typepad.com,Polygender,109.38.74.255,7276
227,Cleveland,McLorinan,cmclorinan6a@cpanel.net,Male,16.194.87.225,2976
228,Meryl,McKimm,mmckimm6b@livejournal.com,Male,49.116.72.45,5001
229,Alair,Greatbatch,agreatbatch6c@yellowbook.com,Male,31.209.43.232,7070
230,Jori,Chester,jchester6d@bloomberg.com,Female,229.224.221.225,1925
231,Hermy,Prendergast,hprendergast6e@sina.com.cn,Male,14.129.93.250,9026
232,Lucinda,Ruffey,lruffey6f@opera.com,Female,91.4.11.155,5783
233,Hodge,Fransinelli,hfransinelli6g@microsoft.com,Male,221.37.250.33,7271
234,Sterling,Byfford,sbyfford6h@china.com.cn,Male,159.250.9.38,3166
235,Kettie,Melliard,kmelliard6i@creativecommons.org,Female,189.95.205.34,6995
236,Hersh,Orkney,horkney6j@aboutads.info,Male,176.51.179.219,4848
237,Graeme,Bulle,gbulle6k@people.com.cn,Male,61.27.138.125,2513
238,Ellynn,Segot,esegot6l@amazon.co.uk,Female,194.165.91.227,5282
239,Ignatius,Breazeall,ibreazeall6m@friendfeed.com,Male,138.169.75.137,4860
240,Aubry,Mephan,amephan6n@marketwatch.com,Female,85.111.101.70,9412
241,Alayne,Luc,aluc6o@pen.io,Female,183.153.245.182,6155
242,Zonnya,Bendtsen,zbendtsen6p@example.com,Female,51.119.91.241,7012
243,Fay,Creswell,fcreswell6q@forbes.com,Female,222.169.6.35,5157
244,Tessi,Rallinshaw,trallinshaw6r@foxnews.com,Female,98.12.5.0,2309
245,Des,Olding,dolding6s@so-net.ne.jp,Male,173.142.203.89,4973
246,Clywd,Newlan,cnewlan6t@wsj.com,Male,149.81.49.126,2917
247,Elisabet,Henzer,ehenzer6u@dedecms.com,Female,25.67.63.128,7040
248,Darrick,De Dantesie,ddedantesie6v@mapquest.com,Male,36.186.46.209,6212
249,Izaak,Ingerson,iingerson6w@thetimes.co.uk,Male,187.242.16.164,4395
250,Mair,Robbie,mrobbie6x@baidu.com,Female,31.109.20.83,4004
251,Reider,Thow,rthow6y@bravesites.com,Male,148.91.76.139,4266
252,Loralee,O'Gleasane,logleasane6z@ebay.com,Female,24.4.176.81,4087
253,Katusha,Lewisham,klewisham70@phoca.cz,Female,86.172.134.143,3987
254,Tomkin,Duval,tduval71@hugedomains.com,Male,74.36.149.130,4252
255,Korrie,Tocqueville,ktocqueville72@pcworld.com,Female,49.62.137.156,7491
256,Iggie,Ricci,iricci73@constantcontact.com,Male,193.153.33.200,2279
257,Myrtie,Chaldecott,mchaldecott74@cyberchimps.com,Female,236.194.244.175,3237
258,Nobie,Harwin,nharwin75@blog.com,Bigender,136.5.19.17,9241
259,Albert,Feldhorn,afeldhorn76@list-manage.com,Male,192.213.177.19,6308
260,Allina,Plail,aplail77@google.nl,Female,87.223.8.30,8752
261,Alyson,Otter,aotter78@delicious.com,Female,228.20.177.247,3139
262,Warren,Oakland,woakland79@columbia.edu,Male,158.176.98.148,8276
263,Rani,Lilion,rlilion7a@mayoclinic.com,Agender,86.145.61.78,7264
264,Genny,Davidek,gdavidek7b@wordpress.com,Polygender,14.12.164.145,2521
265,Yasmeen,Keeton,ykeeton7c@narod.ru,Female,185.91.157.118,4138
266,Cris,O' Brian,cobrian7d@typepad.com,Female,126.151.93.158,5450
267,Lisha,Cawkwell,lcawkwell7e@guardian.co.uk,Female,86.39.122.126,1759
268,Andonis,Gresham,agresham7f@virginia.edu,Genderqueer,1.202.123.30,7968
269,Early,Cribbins,ecribbins7g@xrea.com,Male,164.57.62.150,2248
270,Bibbie,Lujan,blujan7h@deliciousdays.com,Female,106.7.111.52,1309
271,Keelia,Grout,kgrout7i@house.gov,Female,93.35.193.190,5713
272,Stanford,Parysowna,sparysowna7j@census.gov,Male,133.179.226.161,4332
273,Marwin,Blackey,mblackey7k@paypal.com,Male,57.93.231.100,1037
274,Dode,Crowche,dcrowche7l@redcross.org,Female,115.127.216.150,3496
275,Nanice,Skeeles,nskeeles7m@cdbaby.com,Female,111.116.232.60,8109
276,Marisa,St. Louis,mstlouis7n@wired.com,Female,250.194.171.252,2778
277,Marketa,Pere,mpere7o@hibu.com,Female,82.18.71.198,3974
278,Meg,Heeran,mheeran7p@nps.gov,Female,249.34.81.0,6730
279,Hillary,Naismith,hnaismith7q@macromedia.com,Female,56.156.166.161,9518
280,Chelsae,O'Glessane,coglessane7r@1und1.de,Female,123.103.82.231,7994
281,Derick,Croser,dcroser7s@free.fr,Male,12.156.35.220,6753
282,Brennen,Gerald,bgerald7t@yolasite.com,Male,155.241.186.87,5092
283,Bea,Aleavy,baleavy7u@arizona.edu,Female,241.99.187.65,4446
284,Tye,Albasiny,talbasiny7v@cornell.edu,Male,151.73.11.92,9359
285,Melamie,Inett,minett7w@xrea.com,Female,193.74.95.182,1051
286,Aldous,Stickland,astickland7x@moonfruit.com,Male,99.169.48.116,5345
287,Tracey,Klagges,tklagges7y@seattletimes.com,Female,17.33.162.79,6551
288,Adriaens,de Tocqueville,adetocqueville7z@godaddy.com,Female,143.22.139.244,5220
289,Rodrique,Fairtlough,rfairtlough80@hexun.com,Male,44.77.103.96,7910
290,Gracia,Welldrake,gwelldrake81@taobao.com,Female,218.240.153.242,8657
291,Tildy,Jost,tjost82@illinois.edu,Female,7.141.52.140,8611
292,Galina,Boribal,gboribal83@admin.ch,Female,28.141.205.79,5000
293,Averill,Gherardini,agherardini84@shareasale.com,Male,40.32.7.66,7041
294,Dominique,Felstead,dfelstead85@wsj.com,Female,242.135.149.196,2725
295,Maddie,Cockland,mcockland86@dion.ne.jp,Female,51.25.28.207,4515
296,Paulie,Inggall,pinggall87@cisco.com,Male,131.198.86.115,3629
297,Lorin,Authers,lauthers88@4shared.com,Male,210.66.178.162,6620
298,Brodie,Drews,bdrews89@lulu.com,Male,230.63.163.117,7922
299,Frederica,Downton,fdownton8a@list-manage.com,Female,249.129.53.38,5444
300,Rica,Coolahan,rcoolahan8b@hibu.com,Female,142.48.65.2,3355
301,Anna-diane,Brimming,abrimming8c@google.es,Female,221.4.12.67,1695
302,Loleta,Sheldrick,lsheldrick8d@facebook.com,Female,83.232.250.66,6015
303,Carmine,Sanzio,csanzio8e@indiegogo.com,Female,79.220.93.102,9650
304,Jose,Lauks,jlauks8f@prnewswire.com,Male,234.49.63.118,6108
305,Chickie,Booeln,cbooeln8g@craigslist.org,Female,90.200.48.191,7910
306,Boony,Plumbley,bplumbley8h@answers.com,Male,33.55.237.84,5343
307,Rockwell,Cottesford,rcottesford8i@skyrock.com,Male,36.37.30.46,1921
308,Lemmie,Drummond,ldrummond8j@theatlantic.com,Male,195.9.231.139,7199
309,Bert,Greenan,bgreenan8k@topsy.com,Female,0.214.191.26,3056
310,Carleton,Jolliman,cjolliman8l@github.io,Male,36.14.149.83,6755
311,Annamaria,Kemery,akemery8m@cloudflare.com,Female,80.109.20.15,7470
312,Kahaleel,Gebuhr,kgebuhr8n@last.fm,Male,91.35.155.145,9992
313,Amalea,Bordone,abordone8o@independent.co.uk,Female,232.217.33.33,3845
314,Moyra,Beric,mberic8p@tripadvisor.com,Female,150.234.249.114,5512
315,Kelbee,Tingly,ktingly8q@indiatimes.com,Male,160.23.231.43,7551
316,Free,Rigney,frigney8r@blog.com,Male,247.174.119.41,2205
317,Zacharias,Brou,zbrou8s@ow.ly,Male,176.71.43.92,9189
318,Erica,Yeaman,eyeaman8t@multiply.com,Female,137.40.183.157,2003
319,Henryetta,Matyas,hmatyas8u@creativecommons.org,Female,208.190.197.125,6413
320,Marget,Menham,mmenham8v@seattletimes.com,Agender,224.254.138.33,4919
321,Cad,Ungerechts,cungerechts8w@ning.com,Male,121.42.240.144,2217
322,Hamilton,Dissman,hdissman8x@ucla.edu,Male,189.63.18.208,8828
323,Mathilde,Curneen,mcurneen8y@umn.edu,Female,252.57.117.115,8167
324,Rourke,Congrave,rcongrave8z@friendfeed.com,Male,25.185.222.3,9582
325,Ranee,Ashbrook,rashbrook90@tamu.edu,Agender,77.135.191.154,3894
326,Leonie,Tinan,ltinan91@japanpost.jp,Female,154.84.50.148,2527
327,Bellanca,Hampson,bhampson92@digg.com,Female,41.147.167.198,8481
328,Timofei,Lakin,tlakin93@ehow.com,Male,249.166.162.4,2379
329,Gerry,Ensley,gensley94@salon.com,Female,219.1.19.41,5025
330,Sibelle,Dawtre,sdawtre95@cnn.com,Bigender,254.151.140.29,4210
331,Adolpho,Satteford,asatteford96@tuttocitta.it,Male,80.2.251.250,5593
332,Cesare,Cohen,ccohen97@upenn.edu,Male,32.158.233.222,4010
333,Cecil,Rassell,crassell98@youku.com,Female,70.226.156.30,6914
334,Abagael,Gunston,agunston99@mlb.com,Female,189.93.98.129,3125
335,Lonna,Danher,ldanher9a@fema.gov,Female,166.232.152.99,4566
336,Onida,Learmouth,olearmouth9b@wikia.com,Female,159.226.164.6,5172
337,Gorden,Tatlow,gtatlow9c@opera.com,Male,21.15.115.139,4212
338,Carleen,Gonnin,cgonnin9d@clickbank.net,Female,206.117.133.236,2477
339,Dosi,Rous,drous9e@reference.com,Female,67.0.118.20,4366
340,Cris,Husthwaite,chusthwaite9f@guardian.co.uk,Male,81.59.21.110,6459
341,Amil,Jiras,ajiras9g@pen.io,Female,163.168.112.65,4913
342,Sutherland,Hartzog,shartzog9h@usgs.gov,Non-binary,52.13.223.39,3516
343,Davidson,Savine,dsavine9i@archive.org,Male,227.215.249.108,9686
344,Zonda,Garrood,zgarrood9j@wp.com,Female,44.101.202.100,6632
345,Tully,Heatley,theatley9k@illinois.edu,Male,149.220.178.87,7560
346,Anthe,Stansell,astansell9l@php.net,Female,234.3.155.61,4940
347,Thomasa,Doles,tdoles9m@microsoft.com,Female,168.64.214.134,8891
348,Esme,Ranahan,eranahan9n@oaic.gov.au,Female,190.184.158.45,9201
349,Nicolea,Chimenti,nchimenti9o@instagram.com,Female,254.122.121.163,8066
350,Brittan,Fearick,bfearick9p@imdb.com,Female,167.132.204.38,6061
351,Stanleigh,Thripp,sthripp9q@mashable.com,Male,200.54.193.132,4523
352,Briano,Websdale,bwebsdale9r@house.gov,Male,6.206.236.202,2866
353,Gillian,Yesipov,gyesipov9s@t.co,Female,143.128.224.183,8478
354,Woodrow,Mulder,wmulder9t@altervista.org,Male,10.158.26.143,6059
355,Rollie,Kimbell,rkimbell9u@archive.org,Male,148.54.212.127,8120
356,Morton,Braywood,mbraywood9v@youtu.be,Male,69.194.142.14,3606
357,Gnni,Tomich,gtomich9w@psu.edu,Non-binary,227.78.119.94,7178
358,Garner,Schuler,gschuler9x@de.vu,Male,139.201.140.77,2050
359,Marika,Ferrier,mferrier9y@blogger.com,Female,230.36.47.137,8896
360,Rutherford,Ensten,rensten9z@wordpress.org,Male,178.170.151.88,4374
361,Farlie,O'Hickey,fohickeya0@oaic.gov.au,Male,38.98.177.100,9529
362,Clementius,Johnston,cjohnstona1@tiny.cc,Male,124.201.56.3,2607
363,Chrysler,Matelyunas,cmatelyunasa2@google.com,Female,217.101.67.251,6875
364,Leandra,Stapley,lstapleya3@github.com,Female,223.94.134.58,7001
365,Malina,Bampkin,mbampkina4@ebay.co.uk,Genderfluid,158.31.32.5,7356
366,Elena,Pyner,epynera5@bizjournals.com,Female,188.123.131.204,4460
367,Rozele,Castille,rcastillea6@amazon.co.jp,Non-binary,9.142.248.66,3009
368,Sherrie,Lindback,slindbacka7@constantcontact.com,Female,144.255.187.76,1483
369,Bettina,Gadie,bgadiea8@howstuffworks.com,Female,18.20.170.193,3916
370,Pablo,Doggerell,pdoggerella9@npr.org,Male,29.94.124.204,4918
371,Osbourne,Fylan,ofylanaa@nymag.com,Male,114.236.81.81,7584
372,Son,Corden,scordenab@unblog.fr,Male,109.188.79.17,6691
373,Neil,Fantini,nfantiniac@51.la,Male,96.138.193.32,1787
374,Eben,Brumhead,ebrumheadad@biglobe.ne.jp,Male,157.200.30.43,9138
375,Fancie,Brotherheed,fbrotherheedae@msu.edu,Female,148.86.138.207,4228
376,Isabelita,Cowdrey,icowdreyaf@ustream.tv,Female,224.193.6.159,1237
377,Barbi,Cornill,bcornillag@va.gov,Female,118.183.102.116,2086
378,Waneta,Enser,wenserah@aboutads.info,Female,40.42.28.133,7747
379,Bonnibelle,Schenkel,bschenkelai@state.tx.us,Female,254.41.11.89,2254
380,Ashbey,Fluin,afluinaj@walmart.com,Male,72.37.77.49,3365
381,Brucie,Scowen,bscowenak@blogspot.com,Male,176.24.154.233,1089
382,Cthrine,Baldetti,cbaldettial@narod.ru,Female,108.196.198.241,4840
383,Derek,Harwin,dharwinam@wikimedia.org,Male,243.129.199.218,2576
384,Raimundo,Brayne,rbraynean@techcrunch.com,Male,123.158.204.245,3272
385,Una,Haswell,uhaswellao@bandcamp.com,Female,247.122.241.250,7542
386,Tymon,Pateman,tpatemanap@bbb.org,Male,104.58.62.71,1141
387,Billi,Culter,bculteraq@fc2.com,Female,163.235.42.207,6830
388,Neddie,Willatt,nwillattar@gov.uk,Male,14.85.234.223,8247
389,Rori,Buckenhill,rbuckenhillas@naver.com,Female,236.196.149.219,9620
390,Tessie,Woodroofe,twoodroofeat@guardian.co.uk,Female,97.158.190.99,1610
391,Morissa,Cheston,mchestonau@seesaa.net,Female,76.149.64.109,7521
392,Harland,Cale,hcaleav@webeden.co.uk,Genderqueer,233.149.159.166,6167
393,Elna,Silverstone,esilverstoneaw@icq.com,Female,203.83.196.145,9690
394,Filberte,Mager,fmagerax@tripod.com,Male,197.49.129.72,3678
395,Raleigh,Worboy,rworboyay@cloudflare.com,Male,106.15.234.143,1184
396,Haslett,Fishwick,hfishwickaz@1und1.de,Male,153.212.243.16,4989
397,Wilfrid,Brazur,wbrazurb0@dell.com,Male,118.98.202.218,2373
398,Chrissie,Shropsheir,cshropsheirb1@bandcamp.com,Male,142.202.161.105,5811
399,Mikkel,Mallender,mmallenderb2@businesswire.com,Male,240.180.217.73,9216
400,Laurence,Cornelis,lcornelisb3@1und1.de,Male,104.100.24.164,8688
401,Fanny,Kringe,fkringeb4@360.cn,Female,227.82.221.251,4434
402,Eduard,Bilam,ebilamb5@histats.com,Male,24.154.142.144,1232
403,Deina,Morter,dmorterb6@vistaprint.com,Female,233.231.95.8,4468
404,Wynnie,Bockman,wbockmanb7@stanford.edu,Female,103.76.249.219,3914
405,Nady,Broxup,nbroxupb8@xing.com,Female,144.28.98.206,7492
406,Hollyanne,Blease,hbleaseb9@smugmug.com,Female,192.92.114.43,6257
407,Kaitlyn,Butchart,kbutchartba@engadget.com,Female,160.238.102.219,6926
408,Georgy,Bartlam,gbartlambb@google.co.jp,Male,191.124.142.47,7631
409,Olympie,Palffy,opalffybc@harvard.edu,Female,104.249.80.219,7342
410,Chaddie,Gilbee,cgilbeebd@mail.ru,Male,216.81.88.96,1856
411,Kiley,McGuigan,kmcguiganbe@studiopress.com,Male,106.146.212.179,3077
412,Francklyn,Stivani,fstivanibf@ebay.com,Male,190.166.238.212,3096
413,Orella,Backson,obacksonbg@dmoz.org,Female,150.165.113.199,5713
414,Karlens,Hall-Gough,khallgoughbh@wix.com,Male,141.16.216.227,1707
415,Roxine,Loker,rlokerbi@webs.com,Polygender,55.15.129.206,1113
416,Gerard,Threadgill,gthreadgillbj@twitpic.com,Male,238.63.73.55,3059
417,Clive,Malitrott,cmalitrottbk@google.cn,Male,30.93.212.154,9547
418,Bellina,Letixier,bletixierbl@geocities.jp,Female,209.46.246.82,6278
419,Trista,Evenett,tevenettbm@live.com,Female,45.186.7.65,2448
420,Aguste,Rockcliff,arockcliffbn@instagram.com,Male,66.231.101.85,4137
421,Birgitta,Riley,brileybo@rambler.ru,Female,255.47.77.228,2061
422,Velvet,Amorts,vamortsbp@shutterfly.com,Female,252.132.82.193,5379
423,Tierney,Scoffins,tscoffinsbq@t.co,Female,176.107.64.192,9179
424,Raychel,Copner,rcopnerbr@latimes.com,Female,186.63.81.106,4454
425,Kinna,Husthwaite,khusthwaitebs@topsy.com,Female,210.218.192.69,4655
426,Caryl,Heathcote,cheathcotebt@cnn.com,Male,49.149.130.2,4100
427,Oswell,Gorman,ogormanbu@fc2.com,Male,227.18.236.159,8493
428,Jarrad,Gossage,jgossagebv@sohu.com,Male,181.136.174.30,4091
429,Annelise,Gascar,agascarbw@sohu.com,Female,50.54.142.17,5175
430,Rori,Heymann,rheymannbx@sciencedirect.com,Female,14.91.55.128,7961
431,Davin,Leatham,dleathamby@github.com,Genderfluid,71.41.48.147,3234
432,Loy,Matts,lmattsbz@google.ru,Male,230.142.65.75,4593
433,Lorene,Dyzart,ldyzartc0@indiatimes.com,Female,233.66.164.241,8703
434,Rusty,O'Sherin,rosherinc1@guardian.co.uk,Male,249.161.87.128,7432
435,Ferris,Emeney,femeneyc2@reference.com,Male,87.73.118.233,1578
436,Rhys,ducarme,rducarmec3@biglobe.ne.jp,Male,203.36.118.84,4728
437,Cheryl,Ternouth,cternouthc4@twitter.com,Female,14.60.43.173,4804
438,Eydie,Norsworthy,enorsworthyc5@slashdot.org,Female,184.214.181.158,1464
439,Roselin,Willock,rwillockc6@paginegialle.it,Female,14.212.196.36,7546
440,Arni,Killner,akillnerc7@mediafire.com,Male,38.166.186.220,1681
441,Tessa,Bartul,tbartulc8@twitpic.com,Polygender,49.85.65.28,7301
442,Garrot,Dring,gdringc9@gmpg.org,Male,149.90.109.195,3828
443,Darsie,Geroldo,dgeroldoca@is.gd,Female,208.210.31.17,9649
444,Bourke,Meddows,bmeddowscb@privacy.gov.au,Bigender,84.116.243.191,3335
445,Patty,Peirson,ppeirsoncc@delicious.com,Female,32.165.134.107,9593
446,Gertrude,Dalton,gdaltoncd@deviantart.com,Female,219.162.138.178,2521
447,Stu,Bussetti,sbussettice@yale.edu,Male,18.52.148.125,4421
448,Ronny,Mulvihill,rmulvihillcf@cmu.edu,Female,181.124.193.108,3127
449,Nananne,Brockley,nbrockleycg@dell.com,Female,32.70.132.162,4886
450,Hamnet,D'Angeli,hdangelich@reverbnation.com,Agender,246.228.47.20,8074
451,Delmar,Climo,dclimoci@trellian.com,Male,195.39.95.129,4846
452,Brenn,Dillamore,bdillamorecj@yale.edu,Female,169.69.52.180,8613
453,Akim,Cobon,acobonck@51.la,Male,219.183.30.138,7803
454,Lyman,Rousby,lrousbycl@unesco.org,Male,7.83.114.202,1170
455,Kerry,Hargey,khargeycm@cdbaby.com,Male,118.230.237.89,5484
456,Way,Tomsen,wtomsencn@phpbb.com,Male,88.7.159.61,2828
457,Carter,Giraudo,cgiraudoco@zimbio.com,Male,143.253.46.154,1243
458,Gypsy,Stonnell,gstonnellcp@wikipedia.org,Female,30.147.188.120,3421
459,Armando,Gumly,agumlycq@cmu.edu,Male,50.81.244.10,6390
460,Crissie,Mullins,cmullinscr@miitbeian.gov.cn,Female,55.46.157.126,9673
461,Brennan,Byne,bbynecs@weibo.com,Male,20.111.71.178,1699
462,Angele,Fawckner,afawcknerct@dion.ne.jp,Female,5.53.183.161,8695
463,York,Andrzejczak,yandrzejczakcu@uiuc.edu,Male,72.116.214.109,1391
464,Jaimie,Hundal,jhundalcv@chicagotribune.com,Female,63.125.165.90,8339
465,Ysabel,Leaburn,yleaburncw@marriott.com,Female,132.60.55.222,1718
466,Melisse,Catling,mcatlingcx@amazonaws.com,Genderfluid,45.244.77.213,8007
467,Cymbre,Shellibeer,cshellibeercy@flickr.com,Female,87.252.186.223,5817
468,Leonelle,Whitelock,lwhitelockcz@guardian.co.uk,Female,225.74.38.34,6418
469,Brandise,Poulden,bpouldend0@accuweather.com,Female,57.93.88.116,1681
470,Viola,Mordy,vmordyd1@netvibes.com,Female,174.71.100.152,2445
471,Mayor,Sagerson,msagersond2@netlog.com,Male,155.52.254.4,9803
472,Heinrick,Cheyney,hcheyneyd3@rambler.ru,Male,8.40.23.224,2231
473,Brandon,Espinha,bespinhad4@cdbaby.com,Male,78.201.198.17,7542
474,Adelice,Josham,ajoshamd5@wiley.com,Female,43.14.105.153,8118
475,Joby,Grocock,jgrocockd6@1688.com,Female,98.153.132.81,3642
476,Sunny,MacKeig,smackeigd7@twitpic.com,Male,97.124.147.43,4820
477,Barrie,Camois,bcamoisd8@quantcast.com,Genderfluid,213.153.59.14,5168
478,Anton,Piller,apillerd9@webnode.com,Male,235.81.76.121,9911
479,Alleyn,Duckitt,aduckittda@ucoz.com,Male,115.18.145.161,3834
480,Noemi,McGregor,nmcgregordb@soundcloud.com,Female,232.70.86.150,9111
481,Nanice,Caret,ncaretdc@washingtonpost.com,Female,35.22.113.177,4414
482,Mal,Dungey,mdungeydd@forbes.com,Male,111.64.194.234,1957
483,Callean,Maypole,cmaypolede@wordpress.com,Male,14.74.136.126,7413
484,Dalston,Jansema,djansemadf@apple.com,Male,111.123.254.93,9331
485,Almeda,O'Dulchonta,aodulchontadg@jalbum.net,Female,149.120.152.239,1710
486,Brewer,Tellesson,btellessondh@fotki.com,Male,84.152.185.91,2142
487,Lishe,Goudie,lgoudiedi@feedburner.com,Female,225.92.78.101,3305
488,Ailina,Bandy,abandydj@globo.com,Female,94.251.9.106,5841
489,Almeda,Bugden,abugdendk@independent.co.uk,Female,31.109.57.44,2481
490,Zelig,Branca,zbrancadl@aboutads.info,Male,89.23.137.30,2292
491,Nicolina,Igoe,nigoedm@ovh.net,Female,208.240.95.144,8530
492,Pandora,Andress,pandressdn@gmpg.org,Genderqueer,239.202.125.71,8129
493,Lizzie,Tregaskis,ltregaskisdo@php.net,Female,121.75.144.165,4668
494,Shellie,Gethouse,sgethousedp@about.com,Female,63.123.237.86,4208
495,Nanny,Desesquelle,ndesesquelledq@edublogs.org,Female,96.231.149.38,6066
496,Stephen,Heard,shearddr@angelfire.com,Male,111.168.68.92,8740
497,Gordie,Hadfield,ghadfieldds@blogspot.com,Male,142.150.90.14,2146
498,Donal,Pleace,dpleacedt@businessweek.com,Male,75.21.207.98,6103
499,Griffie,Chastagnier,gchastagnierdu@studiopress.com,Male,143.124.39.112,3077
500,Sarge,Kibbel,skibbeldv@sohu.com,Male,117.124.27.130,6901
501,Wolfgang,Lucian,wluciandw@constantcontact.com,Male,215.56.180.70,5946
502,Geno,Fyfe,gfyfedx@china.com.cn,Male,122.75.173.150,1630
503,Maris,Kitcherside,mkitchersidedy@ucoz.com,Female,59.149.222.228,2994
504,Malvin,McCoy,mmccoydz@princeton.edu,Male,236.2.58.43,8457
505,Monte,Govier,mgoviere0@ask.com,Male,6.177.206.232,3842
506,Keen,Hodinton,khodintone1@eepurl.com,Male,143.253.35.0,9980
507,Abdel,Middell,amiddelle2@dot.gov,Male,97.180.110.89,1174
508,Cleavland,Seear,cseeare3@cafepress.com,Male,231.126.117.200,5758
509,Tamqrah,Sweeny,tsweenye4@oakley.com,Female,20.151.109.163,3200
510,Moira,Lohan,mlohane5@elpais.com,Female,123.65.207.77,9897
511,Ashley,Ambrodi,aambrodie6@china.com.cn,Female,178.102.224.187,3584
512,Royall,Lidgerton,rlidgertone7@wikimedia.org,Male,225.216.74.155,7145
513,Gun,Dacombe,gdacombee8@baidu.com,Bigender,53.226.2.60,4762
514,Culver,Kibbee,ckibbeee9@booking.com,Polygender,104.86.151.237,3904
515,Aluin,McCotter,amccotterea@wikispaces.com,Male,178.102.183.14,8268
516,Ashlan,Kob,akobeb@deliciousdays.com,Female,109.143.239.39,4813
517,Kendall,Vallentine,kvallentineec@ihg.com,Male,81.61.143.14,5285
518,Emory,Crim,ecrimed@wordpress.com,Male,135.80.174.224,7405
519,Adda,Durnan,adurnanee@delicious.com,Female,13.174.242.43,8026
520,Andrej,Gellan,agellanef@barnesandnoble.com,Male,127.21.159.185,8418
521,Ab,Speenden,aspeendeneg@blinklist.com,Non-binary,34.170.22.221,3373
522,Olivier,Mattingley,omattingleyeh@craigslist.org,Male,184.198.84.99,7450
523,Oona,Nealey,onealeyei@chronoengine.com,Female,130.123.143.91,1584
524,Jaquelyn,Klimentov,jklimentovej@storify.com,Female,76.230.189.84,1954
525,Annadiane,Fulep,afulepek@chron.com,Female,61.220.210.170,2735
526,Lira,Strettell,lstrettellel@artisteer.com,Female,217.5.83.76,7623
527,Kristofor,Scamadine,kscamadineem@admin.ch,Male,44.85.171.102,3914
528,Ginni,Northing,gnorthingen@mac.com,Female,70.251.105.77,4944
529,Beverly,Duiguid,bduiguideo@discovery.com,Female,53.109.111.82,1064
530,Zed,Worsnip,zworsnipep@homestead.com,Male,171.208.166.99,7191
531,Court,Gabriel,cgabrieleq@trellian.com,Male,212.77.183.117,2461
532,Terri,Di Bartolomeo,tdibartolomeoer@uol.com.br,Female,192.190.239.56,4442
533,Devin,Conaboy,dconaboyes@gravatar.com,Female,195.176.232.68,3083
534,Rock,Tetlow,rtetlowet@i2i.jp,Male,114.206.31.201,1068
535,Clementius,Melonby,cmelonbyeu@flickr.com,Male,113.45.60.190,3171
536,Myrtie,Loddy,mloddyev@posterous.com,Female,44.67.95.133,2982
537,Kimble,Bamell,kbamellew@infoseek.co.jp,Agender,239.198.26.111,7304
538,Grace,de Verson,gdeversonex@chicagotribune.com,Male,176.176.21.243,7647
539,Fiorenze,Brocks,fbrocksey@discuz.net,Female,78.60.125.251,9163
540,Quill,Sigfrid,qsigfridez@time.com,Male,79.155.246.86,3405
541,Rozamond,Ickowicz,rickowiczf0@studiopress.com,Female,206.20.197.116,4343
542,Glen,Duplan,gduplanf1@blogspot.com,Female,165.3.22.215,2291
543,Rourke,Scamaden,rscamadenf2@fotki.com,Male,227.65.101.111,1997
544,Rhea,Downs,rdownsf3@msu.edu,Female,182.187.199.105,8498
545,Catlaina,Fretter,cfretterf4@cdbaby.com,Female,12.223.51.248,6536
546,Devonne,Clemon,dclemonf5@sfgate.com,Female,192.203.124.108,5326
547,Annadiane,Clopton,acloptonf6@hao123.com,Female,241.241.60.145,4471
548,Willyt,Starkings,wstarkingsf7@is.gd,Bigender,97.236.68.113,7925
549,Bordie,Willoughby,bwilloughbyf8@hugedomains.com,Male,17.109.30.197,1365
550,Brander,Hinksen,bhinksenf9@hugedomains.com,Male,139.227.114.4,8292
551,Brendon,Vannoort,bvannoortfa@irs.gov,Male,79.222.152.34,5435
552,Stephenie,Bineham,sbinehamfb@google.de,Female,173.157.251.148,7364
553,Ryun,Collough,rcolloughfc@123-reg.co.uk,Male,80.178.98.27,5168
554,Sherri,Gorhardt,sgorhardtfd@diigo.com,Female,165.10.151.49,2088
555,Evangelina,Brownhill,ebrownhillfe@tumblr.com,Female,91.163.75.2,3321
556,Steffen,Pimblotte,spimblotteff@google.com.br,Non-binary,220.4.177.27,4073
557,Whitaker,Martensen,wmartensenfg@so-net.ne.jp,Male,58.60.138.230,8513
558,Culver,Kulver,ckulverfh@europa.eu,Male,47.185.84.252,7180
559,Kimberly,McGraw,kmcgrawfi@reddit.com,Female,34.167.115.226,2312
560,John,Attle,jattlefj@mayoclinic.com,Male,179.96.148.71,8224
561,Tamqrah,Sambath,tsambathfk@uol.com.br,Bigender,246.20.225.85,3945
562,Lamond,Allaway,lallawayfl@purevolume.com,Polygender,4.255.254.31,4800
563,Malena,Sergean,msergeanfm@hhs.gov,Female,114.121.101.67,7084
564,Andee,Gleeton,agleetonfn@facebook.com,Genderqueer,146.97.30.43,2689
565,Bernarr,Dunstall,bdunstallfo@clickbank.net,Male,252.182.135.14,9089
566,Beryl,Bende,bbendefp@blinklist.com,Female,245.121.114.106,6340
567,Bruno,Burge,bburgefq@mysql.com,Male,136.12.36.76,4656
568,Boyd,Wickens,bwickensfr@friendfeed.com,Male,193.99.149.36,5372
569,Gaspard,Dahlberg,gdahlbergfs@list-manage.com,Agender,245.196.172.251,9005
570,Karl,Jurewicz,kjurewiczft@jiathis.com,Male,199.50.108.133,2923
571,Geoffrey,De Micoli,gdemicolifu@vk.com,Genderfluid,89.226.221.83,9056
572,Nadia,Tzar,ntzarfv@pcworld.com,Female,12.165.170.245,2512
573,Sammy,Eldon,seldonfw@addtoany.com,Male,172.116.221.161,6680
574,Anne,Gilli,agillifx@photobucket.com,Female,206.225.4.59,2700
575,Justin,Carbery,jcarberyfy@webnode.com,Male,134.201.150.76,5352
576,Fletcher,Najara,fnajarafz@auda.org.au,Male,149.59.79.66,4511
577,Whitman,Twell,wtwellg0@surveymonkey.com,Male,246.72.5.5,1640
578,Jecho,Lackner,jlacknerg1@theglobeandmail.com,Male,207.155.137.65,8033
579,Maisey,Jeromson,mjeromsong2@cdc.gov,Female,178.98.144.69,5483
580,Carmine,Troy,ctroyg3@icq.com,Male,229.145.2.193,4585
581,Delano,Langford,dlangfordg4@wisc.edu,Male,99.154.43.174,8674
582,Gabriel,McCurley,gmccurleyg5@ibm.com,Male,12.126.210.8,9613
583,Charlotte,Snare,csnareg6@ebay.co.uk,Female,217.224.35.102,3007
584,Joe,Camerello,jcamerellog7@typepad.com,Male,24.233.222.83,3869
585,Kriste,Cud,kcudg8@spotify.com,Female,99.1.96.212,3044
586,Maribelle,Dulanty,mdulantyg9@usnews.com,Female,179.237.195.253,7715
587,Dalia,Dedmam,ddedmamga@patch.com,Female,53.189.68.22,7548
588,Philippe,Persence,ppersencegb@jiathis.com,Female,50.67.77.0,2971
589,Merna,Bleyman,mbleymangc@domainmarket.com,Female,87.69.34.33,4195
590,Micaela,Lodevick,mlodevickgd@live.com,Female,66.180.206.191,5710
591,Scarlet,D'Agostini,sdagostinige@phpbb.com,Female,65.105.240.109,9620
592,Abigael,Gaitung,agaitunggf@pagesperso-orange.fr,Female,33.42.33.81,2523
593,Talia,Roache,troachegg@qq.com,Bigender,43.32.92.164,5343
594,Zachary,Hryskiewicz,zhryskiewiczgh@ucoz.com,Male,196.244.114.34,5901
595,Arlana,Dolman,adolmangi@123-reg.co.uk,Female,218.176.18.12,5972
596,Wake,Whitcombe,wwhitcombegj@salon.com,Male,170.99.232.76,2954
597,Packston,Cainey,pcaineygk@clickbank.net,Male,165.35.204.39,2611
598,Melba,Sein,mseingl@pbs.org,Female,117.136.92.158,6746
599,Sibylla,Baglin,sbaglingm@state.tx.us,Female,40.58.177.90,2135
600,Gwyneth,Triplett,gtriplettgn@bing.com,Female,107.177.117.183,7927
601,Crichton,Vasquez,cvasquezgo@soundcloud.com,Genderfluid,93.70.213.107,6347
602,Lynnea,Nowell,lnowellgp@google.co.jp,Female,225.2.39.119,7430
603,Shantee,Lewis,slewisgq@theglobeandmail.com,Female,109.148.161.152,4624
604,Lockwood,Galbraith,lgalbraithgr@a8.net,Male,25.161.0.159,5595
605,Brandise,Slowgrove,bslowgrovegs@sourceforge.net,Female,116.200.175.53,2441
606,Henderson,Roake,hroakegt@quantcast.com,Male,164.33.50.154,9466
607,Larissa,Gunstone,lgunstonegu@kickstarter.com,Female,41.67.10.42,4624
608,Ursulina,Keegan,ukeegangv@macromedia.com,Female,109.56.28.72,7219
609,Dougie,Graver,dgravergw@cam.ac.uk,Polygender,72.117.35.129,3910
610,Lotta,Thirlwell,lthirlwellgx@usda.gov,Agender,226.146.25.61,8418
611,Quincey,Tesoe,qtesoegy@bravesites.com,Male,249.91.188.78,5920
612,Chelsey,Rasor,crasorgz@gravatar.com,Female,99.215.72.205,9603
613,Malorie,Dooman,mdoomanh0@seesaa.net,Female,196.85.205.216,8689
614,Boothe,Steuart,bsteuarth1@vimeo.com,Male,48.222.151.166,9819
615,Irvine,Ashbey,iashbeyh2@ox.ac.uk,Male,76.115.86.230,3177
616,Glenn,Fever,gfeverh3@cpanel.net,Male,79.29.4.36,1018
617,Ysabel,Twelvetrees,ytwelvetreesh4@ow.ly,Female,252.77.169.137,9915
618,Emlyn,Johns,ejohnsh5@forbes.com,Female,220.189.178.185,6533
619,Kate,Hearon,khearonh6@deviantart.com,Female,80.101.118.25,1954
620,Dom,Outibridge,doutibridgeh7@ocn.ne.jp,Non-binary,228.251.250.164,4615
621,Heath,Bruff,hbruffh8@epa.gov,Female,208.175.159.48,8561
622,Sunny,Jeanequin,sjeanequinh9@pcworld.com,Female,92.143.10.56,4370
623,Carmel,Lesmonde,clesmondeha@ucla.edu,Female,179.57.243.4,4123
624,Bebe,Ladbrook,bladbrookhb@weather.com,Female,212.135.148.200,1156
625,Janifer,Etoile,jetoilehc@google.fr,Female,49.125.217.42,6380
626,Clara,Cheatle,ccheatlehd@redcross.org,Female,188.241.210.166,2908
627,Georgetta,Melpuss,gmelpusshe@hud.gov,Female,2.214.233.223,8896
628,Duky,Palfreyman,dpalfreymanhf@theglobeandmail.com,Male,12.191.40.197,2106
629,Berti,Das,bdashg@tiny.cc,Female,244.177.62.186,4099
630,Sheela,Winstanley,swinstanleyhh@blogspot.com,Female,208.129.184.221,8594
631,Debora,Kornousek,dkornousekhi@cnn.com,Female,108.161.113.210,3682
632,Catina,Middlehurst,cmiddlehursthj@wufoo.com,Female,19.154.185.206,3877
633,Devon,Bushnell,dbushnellhk@weibo.com,Female,47.182.158.156,6366
634,Tandi,Martonfi,tmartonfihl@apple.com,Female,66.84.248.10,7475
635,Natalina,Shimon,nshimonhm@tuttocitta.it,Female,150.182.74.181,6403
636,Eda,Spearett,espearetthn@mayoclinic.com,Female,38.108.75.17,9073
637,Livvie,Geldert,lgeldertho@arizona.edu,Female,127.37.77.106,4671
638,Karolina,Spinetti,kspinettihp@last.fm,Female,106.239.144.87,3126
639,Jolie,Brister,jbristerhq@ocn.ne.jp,Female,103.161.73.254,7335
640,Guy,Rolfe,grolfehr@engadget.com,Male,218.226.25.201,4537
641,Elvira,Woolvett,ewoolvetths@opensource.org,Female,94.193.209.222,1044
642,Aileen,Limpricht,alimprichtht@latimes.com,Female,127.212.195.15,5374
643,Corinne,McVeigh,cmcveighhu@fema.gov,Female,162.145.10.23,8471
644,Flossy,Scanes,fscaneshv@xing.com,Female,19.78.136.124,4161
645,Joellen,Blakes,jblakeshw@nhs.uk,Female,15.107.2.24,9901
646,Sallee,Gosz,sgoszhx@jugem.jp,Female,228.42.177.217,6791
647,Hillary,Ickovici,hickovicihy@163.com,Genderqueer,48.88.130.196,4358
648,Hurleigh,Gisbourn,hgisbournhz@sitemeter.com,Male,234.97.221.134,4977
649,Howard,Burdikin,hburdikini0@skype.com,Male,138.159.253.136,5161
650,Giordano,Mansel,gmanseli1@patch.com,Male,66.110.190.105,2898
651,Reagan,Farrent,rfarrenti2@unesco.org,Genderfluid,171.22.39.18,4889
652,Falito,O'Cullen,foculleni3@webmd.com,Male,112.4.14.186,2120
653,Elka,Courtney,ecourtneyi4@reuters.com,Genderqueer,125.123.129.21,9725
654,Alexandro,Sweetman,asweetmani5@pen.io,Male,109.206.9.60,7631
655,Rupert,Jorger,rjorgeri6@blog.com,Male,137.100.170.92,5807
656,Robinson,Bremley,rbremleyi7@sun.com,Male,217.214.69.248,3254
657,Coleman,Delmage,cdelmagei8@amazon.co.jp,Male,14.135.83.83,8297
658,Roby,Eastes,reastesi9@stumbleupon.com,Female,169.126.231.167,6576
659,Meta,Jarmyn,mjarmynia@unblog.fr,Female,12.9.141.11,9652
660,Conchita,Boffin,cboffinib@usa.gov,Female,3.140.119.18,6374
661,Pearla,Willis,pwillisic@ocn.ne.jp,Female,161.155.242.151,5982
662,Chick,Gutowska,cgutowskaid@studiopress.com,Bigender,137.160.131.235,9587
663,Carlynne,Mahady,cmahadyie@vinaora.com,Female,255.235.98.77,8424
664,Rhiamon,Frostdick,rfrostdickif@ifeng.com,Female,22.33.233.29,1474
665,Bartram,Bracchi,bbracchiig@drupal.org,Male,169.56.180.34,7504
666,Aldric,Shillito,ashillitoih@redcross.org,Male,210.99.46.113,4228
667,Powell,Veryan,pveryanii@google.nl,Male,181.77.207.73,7134
668,Bruno,Freshwater,bfreshwaterij@wp.com,Male,32.179.8.124,1606
669,Natalee,Quaif,nquaifik@studiopress.com,Agender,236.78.132.14,1719
670,Marshall,Baxster,mbaxsteril@pbs.org,Male,254.107.29.183,7383
671,Eldridge,Moult,emoultim@discuz.net,Male,176.174.105.142,1241
672,Chrotoem,Krolak,ckrolakin@japanpost.jp,Male,115.232.207.156,6811
673,Torin,Boig,tboigio@reference.com,Bigender,33.242.220.124,6798
674,Farlie,Duell,fduellip@nyu.edu,Male,64.143.50.22,5426
675,Lacey,Huddleston,lhuddlestoniq@spotify.com,Female,2.228.149.23,3350
676,Jaquelin,Hakes,jhakesir@yahoo.com,Female,203.19.52.73,8145
677,Anthony,Tomczak,atomczakis@list-manage.com,Male,19.105.143.113,4618
678,Herschel,Tourle,htourleit@livejournal.com,Male,220.30.17.209,5467
679,Hobie,Jeafferson,hjeaffersoniu@t.co,Male,236.137.231.42,4467
680,Shelba,Scinelli,sscinelliiv@google.de,Genderfluid,253.30.192.59,7430
681,Caritta,Girvan,cgirvaniw@github.com,Female,161.96.15.67,8470
682,Rosalinda,Massen,rmassenix@netvibes.com,Female,64.22.59.9,5362
683,Antonie,Vaudrey,avaudreyiy@booking.com,Female,64.1.212.206,2010
684,Boyce,Tweed,btweediz@blogger.com,Male,201.242.228.243,7254
685,Rabi,Fullicks,rfullicksj0@ovh.net,Male,115.169.25.0,2326
686,Giffie,Divina,gdivinaj1@tuttocitta.it,Male,224.104.193.145,9669
687,Monte,Meldrum,mmeldrumj2@meetup.com,Male,72.227.7.16,5369
688,Karlens,Skellen,kskellenj3@usatoday.com,Male,103.155.110.183,5887
689,Patty,Maydwell,pmaydwellj4@cam.ac.uk,Male,31.1.117.58,1225
690,Caritta,Nuss,cnussj5@cam.ac.uk,Female,86.33.145.85,8944
691,Adelbert,Physic,aphysicj6@hatena.ne.jp,Male,77.43.99.232,6708
692,Malynda,Oertzen,moertzenj7@yellowpages.com,Genderqueer,241.77.1.238,1566
693,Maxi,O'Shiel,moshielj8@wix.com,Female,73.193.2.52,9161
694,Donnajean,Bragger,dbraggerj9@ox.ac.uk,Female,70.223.219.23,3233
695,Peyton,Parsand,pparsandja@quantcast.com,Male,255.218.83.48,6015
696,Arri,Glen,aglenjb@flavors.me,Male,130.147.142.197,9364
697,Wendeline,Walbrun,wwalbrunjc@diigo.com,Genderfluid,22.120.245.109,4750
698,Arturo,Brigstock,abrigstockjd@list-manage.com,Male,178.235.160.171,9405
699,Cecilla,Geaney,cgeaneyje@flickr.com,Female,102.189.212.241,8392
700,Jerald,Gubbins,jgubbinsjf@comcast.net,Male,121.141.201.153,9884
701,Honor,Dunican,hdunicanjg@addtoany.com,Female,212.146.34.216,2938
702,Jeniffer,Jirzik,jjirzikjh@multiply.com,Female,101.90.168.83,3294
703,Michele,Calveley,mcalveleyji@cargocollective.com,Male,201.86.175.198,6155
704,Joelie,Spedding,jspeddingjj@princeton.edu,Female,222.184.72.121,7781
705,Valencia,Kittle,vkittlejk@shutterfly.com,Female,105.242.153.43,1583
706,Kissee,Palffrey,kpalffreyjl@psu.edu,Female,253.216.132.184,1651
707,Dalila,Jacquemet,djacquemetjm@cocolog-nifty.com,Female,6.138.169.216,6462
708,Catherine,Itzkov,citzkovjn@booking.com,Female,174.211.148.189,1077
709,Bart,Jory,bjoryjo@bluehost.com,Male,76.81.235.160,4829
710,Nadine,Matlock,nmatlockjp@oakley.com,Female,163.68.151.25,9715
711,Trip,Rentelll,trentellljq@eepurl.com,Male,180.222.229.118,5792
712,Martie,Wedgwood,mwedgwoodjr@bloglovin.com,Bigender,81.157.129.144,9969
713,Ali,Pawels,apawelsjs@uol.com.br,Male,45.204.190.124,7144
714,Kathryn,Yoakley,kyoakleyjt@sakura.ne.jp,Female,134.233.80.80,6031
715,Amelina,Kelf,akelfju@engadget.com,Female,103.153.101.0,7739
716,Brandyn,Gronauer,bgronauerjv@google.it,Male,255.31.121.212,5410
717,Kevon,Ashburne,kashburnejw@so-net.ne.jp,Male,83.40.184.63,1977
718,Tripp,Boulter,tboulterjx@so-net.ne.jp,Male,165.206.25.255,6179
719,Nancee,Gaskins,ngaskinsjy@columbia.edu,Female,88.190.234.231,7793
720,Wrennie,Hysom,whysomjz@constantcontact.com,Female,139.80.108.82,5465
721,Randie,Quinton,rquintonk0@dailymotion.com,Male,79.240.182.129,3454
722,Eleen,Crudge,ecrudgek1@wisc.edu,Non-binary,6.72.49.106,3349
723,Cecily,Tredger,ctredgerk2@opensource.org,Female,197.161.96.162,8698
724,Miller,Froggatt,mfroggattk3@youtu.be,Male,43.195.250.232,1159
725,Kerrie,Bourgourd,kbourgourdk4@hhs.gov,Female,21.190.20.50,3781
726,Wilt,Clinch,wclinchk5@last.fm,Male,100.57.136.168,3810
727,Currie,Tinwell,ctinwellk6@behance.net,Genderfluid,156.95.71.111,8536
728,Shaun,Spawell,sspawellk7@g.co,Female,103.204.117.121,3633
729,Aarika,Quarless,aquarlessk8@google.cn,Female,60.45.186.6,5993
730,Pat,Sperrett,psperrettk9@jalbum.net,Female,162.162.61.99,3839
731,Maurizia,Scorey,mscoreyka@xing.com,Genderqueer,5.147.124.66,3022
732,Zacharie,Booty,zbootykb@skyrock.com,Male,154.37.214.164,9776
733,Corrina,Tretter,ctretterkc@hibu.com,Female,136.202.142.8,4063
734,Coleman,Driver,cdriverkd@123-reg.co.uk,Male,103.165.228.38,6589
735,Dino,Neaverson,dneaversonke@myspace.com,Non-binary,233.243.83.215,3195
736,Ario,Sieghart,asieghartkf@bloglovin.com,Male,150.1.85.245,8222
737,Angeline,Bang,abangkg@uiuc.edu,Bigender,5.129.200.70,1123
738,Francesca,Polhill,fpolhillkh@google.com.hk,Female,128.206.116.20,3173
739,Germain,Burdell,gburdellki@lycos.com,Female,214.38.135.207,6389
740,Berty,Fawcus,bfawcuskj@deviantart.com,Female,191.124.36.104,4267
741,Aurore,Josovitz,ajosovitzkk@nationalgeographic.com,Female,253.162.162.248,6310
742,Tammy,Boylan,tboylankl@google.co.jp,Female,3.61.82.103,9905
743,Kenton,Daw,kdawkm@dion.ne.jp,Male,243.143.96.109,3128
744,Johnathan,Ovell,jovellkn@github.com,Male,109.166.161.229,7624
745,Isak,Bluck,ibluckko@goo.gl,Male,185.137.134.73,6796
746,Claiborne,World,cworldkp@cam.ac.uk,Male,133.221.54.153,7274
747,Elmore,Dauby,edaubykq@salon.com,Male,21.214.218.33,3454
748,Nester,Seathwright,nseathwrightkr@auda.org.au,Male,235.58.47.1,3573
749,Sergio,Swansborough,sswansboroughks@edublogs.org,Male,254.243.149.175,6269
750,Fayina,Kaine,fkainekt@blogspot.com,Genderfluid,60.222.17.107,7006
751,Robby,Cannell,rcannellku@msu.edu,Female,142.7.232.89,2842
752,Sully,Sexti,ssextikv@lycos.com,Male,52.230.236.213,4028
753,Eve,Cowx,ecowxkw@omniture.com,Female,235.143.88.176,2037
754,Pennie,Lloyds,plloydskx@businesswire.com,Female,18.96.100.59,7907
755,Earle,Durrett,edurrettky@fotki.com,Male,207.100.178.121,4942
756,Leopold,Kilbride,lkilbridekz@cbslocal.com,Male,139.24.223.85,6886
757,Esdras,Ort,eortl0@prnewswire.com,Male,15.61.56.103,8899
758,Yurik,Aspray,yasprayl1@unblog.fr,Male,96.89.28.33,2348
759,Colas,Diamant,cdiamantl2@sbwire.com,Bigender,218.3.55.241,8722
760,Nickola,Vigurs,nvigursl3@live.com,Male,181.126.21.69,1225
761,Sharia,Vennard,svennardl4@ca.gov,Female,92.11.127.139,1881
762,Morrie,Cloonan,mcloonanl5@histats.com,Male,158.7.43.140,6409
763,Felic,Goodlife,fgoodlifel6@w3.org,Male,47.218.156.195,3498
764,Teddy,Elsmere,telsmerel7@imdb.com,Male,155.36.49.27,9833
765,Kaila,Caillou,kcailloul8@unblog.fr,Bigender,244.237.229.6,2557
766,Dasie,Bilton,dbiltonl9@ustream.tv,Female,52.228.219.187,1019
767,Remington,Kitteman,rkittemanla@reddit.com,Male,112.57.238.30,9383
768,Krispin,Bampkin,kbampkinlb@bluehost.com,Male,79.128.151.67,4681
769,Lesly,Jupp,ljupplc@elpais.com,Female,117.45.14.98,6468
770,Lanette,Tenant,ltenantld@canalblog.com,Female,123.99.204.111,8903
771,Legra,Quig,lquigle@biblegateway.com,Agender,64.132.192.37,3030
772,Brandtr,Mabbitt,bmabbittlf@vimeo.com,Male,137.136.153.255,3935
773,Rasia,Neylon,rneylonlg@nationalgeographic.com,Female,196.56.195.89,2847
774,Leoine,Rossoni,lrossonilh@instagram.com,Female,240.7.227.5,4378
775,Wait,Gowanlock,wgowanlockli@photobucket.com,Male,192.74.242.160,9530
776,Thom,Jenkins,tjenkinslj@parallels.com,Polygender,112.86.54.179,1754
777,Guillema,Hamel,ghamellk@abc.net.au,Female,214.159.80.114,2845
778,Jilleen,Eisak,jeisakll@gov.uk,Female,213.46.59.166,9761
779,Domingo,Birmingham,dbirminghamlm@clickbank.net,Male,63.241.63.65,9465
780,Verla,Malenfant,vmalenfantln@rediff.com,Female,223.110.174.200,8892
781,Delphine,Chazelas,dchazelaslo@pcworld.com,Female,115.37.9.5,2577
782,Layton,Elsley,lelsleylp@amazon.co.uk,Male,39.161.21.165,1784
783,Lilyan,Lanphier,llanphierlq@google.com.hk,Female,34.148.234.172,8173
784,Viviyan,Brychan,vbrychanlr@bloomberg.com,Agender,73.195.109.208,5126
785,Towney,Bourley,tbourleyls@walmart.com,Male,148.63.88.189,4007
786,Gloriane,Winterscale,gwinterscalelt@newsvine.com,Polygender,150.62.60.216,3032
787,Shane,McGeorge,smcgeorgelu@cnn.com,Male,41.84.62.83,9345
788,Darren,Juggins,djugginslv@example.com,Male,248.31.163.160,7639
789,Davine,Goodban,dgoodbanlw@networkadvertising.org,Female,198.250.209.227,4537
790,Meryl,Ellit,mellitlx@naver.com,Female,205.198.206.83,5486
791,Noelle,Beldum,nbeldumly@hatena.ne.jp,Female,45.231.95.59,5778
792,Tris,Rawles,trawleslz@1und1.de,Male,178.252.222.65,9696
793,Marika,Lomasney,mlomasneym0@a8.net,Female,129.2.111.34,6116
794,Ashley,Footer,afooterm1@i2i.jp,Bigender,102.13.62.183,1045
795,Christoph,Reeme,creemem2@chicagotribune.com,Bigender,173.151.150.223,7040
796,Letty,Garlett,lgarlettm3@flavors.me,Female,119.121.17.80,7782
797,Joanie,Valiant,jvaliantm4@is.gd,Female,255.172.253.3,8870
798,Marge,Cappel,mcappelm5@twitter.com,Female,84.13.71.100,7111
799,Carlyle,Stoddard,cstoddardm6@barnesandnoble.com,Male,237.205.64.129,9454
800,Salmon,Naisbet,snaisbetm7@diigo.com,Genderqueer,3.242.94.121,3738
801,Valma,Evesque,vevesquem8@mail.ru,Female,57.51.111.134,2517
802,Waylen,Lambrecht,wlambrechtm9@psu.edu,Male,13.129.52.73,1278
803,Ailbert,McCook,amccookma@dagondesign.com,Male,192.65.230.158,3658
804,Barney,Cumbers,bcumbersmb@miibeian.gov.cn,Male,128.248.126.195,9057
805,Mariya,Bricknell,mbricknellmc@oaic.gov.au,Female,13.47.222.25,3048
806,Ansel,Erik,aerikmd@upenn.edu,Male,168.46.108.158,8538
807,Drugi,Sushams,dsushamsme@shutterfly.com,Male,133.102.52.195,1058
808,Kipp,Burrow,kburrowmf@cdbaby.com,Female,31.52.108.130,3035
809,Carley,Kahler,ckahlermg@wordpress.org,Female,109.92.205.107,4653
810,Lisetta,Reasce,lreascemh@marriott.com,Female,125.200.163.115,6237
811,Harman,Henric,hhenricmi@dailymotion.com,Male,111.224.81.144,4718
812,Lanni,Braybrooks,lbraybrooksmj@un.org,Female,155.65.169.197,6511
813,Rodolfo,Gwatkin,rgwatkinmk@qq.com,Bigender,52.22.162.122,2007
814,Creigh,Clutram,cclutramml@chicagotribune.com,Male,115.24.76.110,9214
815,Agna,Stangoe,astangoemm@sourceforge.net,Female,94.157.15.110,3937
816,Christean,Dufoure,cdufouremn@netscape.com,Female,137.252.100.120,4930
817,Jordan,Lingfoot,jlingfootmo@google.co.jp,Female,246.130.34.175,9267
818,Vinita,Vickerman,vvickermanmp@uiuc.edu,Female,115.37.221.11,5083
819,Orran,Covely,ocovelymq@businessweek.com,Male,39.219.166.49,3710
820,Marna,Braunfeld,mbraunfeldmr@yahoo.co.jp,Female,134.57.255.22,1155
821,Judd,Cronkshaw,jcronkshawms@parallels.com,Male,121.155.153.120,7299
822,Eulalie,Stonhewer,estonhewermt@oaic.gov.au,Female,51.225.78.91,7958
823,Todd,Lambdean,tlambdeanmu@mapy.cz,Male,114.196.150.177,1061
824,Melisandra,Climance,mclimancemv@soup.io,Female,203.192.208.56,3132
825,Nydia,Tryhorn,ntryhornmw@zdnet.com,Female,95.74.217.195,2001
826,Elfrida,Scholes,escholesmx@sogou.com,Female,27.79.254.178,7876
827,Gil,Nekrews,gnekrewsmy@accuweather.com,Male,108.235.114.129,2015
828,Mab,Bonnefin,mbonnefinmz@epa.gov,Female,23.10.246.204,9111
829,Simone,Tomankiewicz,stomankiewiczn0@ca.gov,Male,253.80.91.4,6881
830,Janeva,Gingold,jgingoldn1@cmu.edu,Female,56.123.79.207,2708
831,Gwenora,Harvie,gharvien2@google.com.hk,Female,198.168.63.241,8812
832,Chester,Rosier,crosiern3@dion.ne.jp,Male,218.118.238.78,6594
833,Borg,Normaville,bnormavillen4@archive.org,Male,120.159.25.128,2836
834,Thornton,Manoelli,tmanoellin5@wiley.com,Male,221.144.20.25,7332
835,Brandi,Rudiger,brudigern6@tinyurl.com,Female,41.131.74.130,9011
836,Verene,Aspy,vaspyn7@tripadvisor.com,Female,102.147.206.14,5327
837,Adolph,Pietraszek,apietraszekn8@dailymotion.com,Male,86.214.9.203,7265
838,Findley,Gabb,fgabbn9@multiply.com,Male,230.92.29.216,8191
839,Jonah,Jouanot,jjouanotna@blog.com,Male,85.87.53.211,5496
840,Herb,Keneforde,hkenefordenb@telegraph.co.uk,Male,229.43.197.159,9816
841,Devin,Bromell,dbromellnc@unc.edu,Female,148.227.133.82,1133
842,Tadio,Jeffray,tjeffraynd@unblog.fr,Male,238.12.149.122,7650
843,Carlyle,Benedyktowicz,cbenedyktowiczne@hugedomains.com,Bigender,186.46.216.239,5779
844,Ynez,Wilmore,ywilmorenf@fda.gov,Non-binary,177.65.128.246,3444
845,Dougie,Piscopiello,dpiscopiellong@g.co,Male,247.4.227.92,7968
846,Bruno,Mattiazzi,bmattiazzinh@webmd.com,Male,99.180.228.167,3732
847,Norman,Gorrie,ngorrieni@qq.com,Male,24.39.133.92,9374
848,Wilbur,Fitchen,wfitchennj@buzzfeed.com,Male,176.11.146.231,1116
849,Trev,Snow,tsnownk@sakura.ne.jp,Male,68.80.50.150,8334
850,Abraham,Divell,adivellnl@dropbox.com,Male,191.48.182.155,1076
851,Thane,Elles,tellesnm@netvibes.com,Male,36.179.156.162,6748
852,Antonino,Eddolls,aeddollsnn@alexa.com,Male,51.92.224.15,8390
853,Mary,Longega,mlongegano@diigo.com,Female,234.93.191.86,9093
854,Gae,Charrett,gcharrettnp@whitehouse.gov,Female,206.81.137.181,1910
855,Helga,Raddon,hraddonnq@sitemeter.com,Female,89.210.119.127,9771
856,Obie,Iddison,oiddisonnr@elpais.com,Male,74.88.69.94,8726
857,Bud,Stiffell,bstiffellns@woothemes.com,Male,40.221.28.205,5415
858,Christine,Podmore,cpodmorent@zdnet.com,Female,82.87.135.6,8238
859,Micheal,Candie,mcandienu@economist.com,Male,161.172.51.62,4325
860,Trudey,Mapston,tmapstonnv@elpais.com,Female,73.61.162.250,3076
861,Aurelea,Sextie,asextienw@list-manage.com,Genderfluid,236.188.27.238,4513
862,Demetri,Widdall,dwiddallnx@mashable.com,Male,145.28.106.253,6647
863,Mehetabel,Guirard,mguirardny@wisc.edu,Female,16.249.58.239,2020
864,Zachery,Vasenin,zvaseninnz@1und1.de,Male,209.223.23.16,5828
865,Sanson,Shakelady,sshakeladyo0@dot.gov,Non-binary,43.111.165.140,7823
866,Angela,Orton,aortono1@google.co.jp,Female,181.215.54.241,5126
867,Adaline,Nafziger,anafzigero2@nationalgeographic.com,Female,6.87.106.252,9479
868,Kris,Ahrenius,kahreniuso3@storify.com,Male,99.177.249.132,4664
869,Lindsey,Bertelet,lberteleto4@joomla.org,Male,192.109.36.65,6808
870,Agnola,Ridout,aridouto5@economist.com,Female,197.118.188.216,8941
871,Dorie,Kneeland,dkneelando6@redcross.org,Bigender,91.244.228.131,4954
872,Cathie,Passy,cpassyo7@newyorker.com,Genderfluid,186.146.88.7,7878
873,Ingeberg,Gauntley,igauntleyo8@goodreads.com,Female,33.112.226.5,8705
874,Danny,O'Shirine,doshirineo9@howstuffworks.com,Female,54.37.27.145,3869
875,Kendre,Gendricke,kgendrickeoa@thetimes.co.uk,Female,166.125.170.84,8445
876,D'arcy,Rickis,drickisob@mtv.com,Male,237.231.105.201,9427
877,Roosevelt,D'Costa,rdcostaoc@reverbnation.com,Male,156.193.27.183,9108
878,Ambur,Ayling,aaylingod@forbes.com,Female,228.3.140.134,7162
879,Petronella,Scoles,pscolesoe@skyrock.com,Female,169.16.126.188,7583
880,Mariska,Cassy,mcassyof@wix.com,Female,57.194.135.40,9436
881,Rey,Rysom,rrysomog@51.la,Male,5.121.47.249,1942
882,Dilly,Scarff,dscarffoh@a8.net,Male,36.150.99.173,7282
883,Cornelius,Malamore,cmalamoreoi@amazon.de,Male,45.252.146.78,2036
884,Suzi,Lethibridge,slethibridgeoj@dagondesign.com,Female,4.71.112.135,8244
885,Linell,Inchboard,linchboardok@huffingtonpost.com,Female,24.224.228.232,8245
886,Jarrett,Brignall,jbrignallol@chronoengine.com,Male,119.251.157.5,4886
887,Todd,Schwaiger,tschwaigerom@yolasite.com,Male,76.115.239.53,2416
888,Margot,Mordaunt,mmordaunton@google.cn,Female,135.50.70.185,3313
889,Emlyn,Lafflin,elafflinoo@163.com,Female,193.102.91.124,3561
890,Reeta,McCambrois,rmccambroisop@loc.gov,Female,232.20.33.87,1022
891,Meara,Westbury,mwestburyoq@4shared.com,Female,73.79.96.63,9113
892,Rivkah,Conan,rconanor@xrea.com,Female,66.196.244.41,1867
893,Augie,Paolozzi,apaolozzios@yandex.ru,Male,187.29.161.10,8666
894,Cordy,Steggals,csteggalsot@slate.com,Male,11.240.127.82,4120
895,Carolan,Glaysher,cglaysherou@yolasite.com,Female,250.152.147.241,1958
896,Maye,Lough,mloughov@google.co.jp,Female,155.78.178.71,2524
897,Nat,Martello,nmartelloow@bing.com,Female,254.180.105.205,9656
898,James,Manifield,jmanifieldox@unblog.fr,Male,36.182.138.224,4473
899,Nevil,Brusle,nbrusleoy@toplist.cz,Male,29.161.17.175,2667
900,Zackariah,Bullin,zbullinoz@pinterest.com,Male,60.211.86.242,3284
901,Skylar,Lalonde,slalondep0@loc.gov,Male,46.9.181.78,1241
902,Virgilio,Petrasso,vpetrassop1@accuweather.com,Male,157.120.4.197,1311
903,Dorelle,Greste,dgrestep2@berkeley.edu,Female,176.189.187.0,7789
904,Ediva,Wallentin,ewallentinp3@wikimedia.org,Female,48.56.236.4,2655
905,Raf,Antoshin,rantoshinp4@ibm.com,Polygender,153.137.86.166,2774
906,Kimmi,Durran,kdurranp5@thetimes.co.uk,Female,24.195.66.206,1897
907,Cletus,Mandres,cmandresp6@sakura.ne.jp,Male,56.37.110.213,2952
908,Emilio,Suscens,esuscensp7@chicagotribune.com,Male,64.102.183.20,4906
909,Maressa,Rawe,mrawep8@gravatar.com,Bigender,18.3.136.243,9929
910,Codi,Grisewood,cgrisewoodp9@friendfeed.com,Male,17.179.94.30,9815
911,Zonda,Felderer,zfeldererpa@parallels.com,Female,253.70.93.12,5208
912,Libbey,Gipson,lgipsonpb@nature.com,Female,250.178.232.163,8312
913,Melicent,Dimmack,mdimmackpc@elpais.com,Female,99.105.71.102,5232
914,Shep,Yurocjhin,syurocjhinpd@ask.com,Male,86.124.226.173,3876
915,Hanny,Crawford,hcrawfordpe@latimes.com,Female,195.49.238.142,4504
916,Fernande,Adanet,fadanetpf@clickbank.net,Female,62.222.192.59,5775
917,Lori,Knox,lknoxpg@chronoengine.com,Female,251.153.167.39,4046
918,Carolyne,Rappa,crappaph@infoseek.co.jp,Female,174.107.201.38,5654
919,Micheal,Morewood,mmorewoodpi@indiegogo.com,Male,177.161.249.34,1614
920,Samuele,Hulett,shulettpj@dedecms.com,Male,143.152.158.31,6740
921,Teddy,Sewill,tsewillpk@ucoz.ru,Male,62.23.14.223,7500
922,Ransom,Scally,rscallypl@addtoany.com,Male,178.48.240.148,9613
923,Cad,Kermode,ckermodepm@apache.org,Male,20.87.31.228,8784
924,Barnaby,Yorkston,byorkstonpn@narod.ru,Male,200.77.163.112,1179
925,Caresa,Haynes,chaynespo@google.nl,Female,215.248.224.173,4232
926,Fred,Kieran,fkieranpp@comcast.net,Male,199.227.125.137,8032
927,Lena,Skatcher,lskatcherpq@biblegateway.com,Female,191.254.188.135,6351
928,Katharyn,Mobley,kmobleypr@globo.com,Female,93.163.75.62,8529
929,Jenn,Richardsson,jrichardssonps@nytimes.com,Female,14.190.214.84,9061
930,Josephine,Rignall,jrignallpt@whitehouse.gov,Female,211.16.83.191,3805
931,Charis,Arnfield,carnfieldpu@foxnews.com,Female,124.75.40.55,7865
932,Tracey,Scrooby,tscroobypv@sohu.com,Polygender,10.235.34.160,8441
933,Quinn,Gimbart,qgimbartpw@tamu.edu,Female,82.10.124.46,9299
934,Desirae,Olekhov,dolekhovpx@blogs.com,Polygender,43.102.201.101,3366
935,Englebert,Tomblin,etomblinpy@amazon.co.uk,Agender,153.177.33.139,7829
936,Mic,Spedding,mspeddingpz@mapquest.com,Male,180.63.233.136,2736
937,Corbett,Jans,cjansq0@nyu.edu,Male,191.251.206.187,2518
938,Had,Hubane,hhubaneq1@npr.org,Male,140.222.138.57,7574
939,Del,Kerss,dkerssq2@123-reg.co.uk,Female,12.180.56.149,9758
940,Sonni,Eisold,seisoldq3@jiathis.com,Female,32.174.41.166,2226
941,Garvy,Simcox,gsimcoxq4@princeton.edu,Male,176.185.92.211,3609
942,Ettie,Jaskowicz,ejaskowiczq5@clickbank.net,Female,64.151.85.190,6789
943,Hazel,Griswood,hgriswoodq6@symantec.com,Male,223.68.202.223,1551
944,Ronny,Olivari,rolivariq7@msu.edu,Female,250.184.110.211,4237
945,Reube,Norres,rnorresq8@dot.gov,Male,100.53.14.23,9937
946,Hannis,Polycote,hpolycoteq9@fotki.com,Female,163.141.130.189,8626
947,Leela,Maberley,lmaberleyqa@joomla.org,Female,126.238.141.175,5389
948,Ches,Ucchino,cucchinoqb@dagondesign.com,Male,159.3.134.215,7747
949,Kaitlin,Boyson,kboysonqc@oaic.gov.au,Female,58.113.43.137,8846
950,Haywood,Milby,hmilbyqd@pinterest.com,Male,245.61.39.110,7085
951,Troy,Rowland,trowlandqe@mashable.com,Male,241.179.246.96,5858
952,Candis,Severs,cseversqf@gravatar.com,Female,143.147.194.125,7341
953,Ripley,Hedman,rhedmanqg@clickbank.net,Non-binary,61.224.48.185,4995
954,Donica,Deackes,ddeackesqh@nhs.uk,Female,169.210.189.25,3726
955,Holly,Kahler,hkahlerqi@goo.gl,Male,57.31.5.213,5406
956,Alic,Syres,asyresqj@lycos.com,Male,54.18.178.5,2605
957,Christos,Carlet,ccarletqk@oracle.com,Male,25.24.199.115,6666
958,Marsha,Della,mdellaql@adobe.com,Female,168.71.221.235,5906
959,Trenna,Sinkin,tsinkinqm@nsw.gov.au,Female,137.133.25.92,9753
960,Johannah,Zorzutti,jzorzuttiqn@nasa.gov,Female,160.209.171.56,8782
961,Dagny,Izatson,dizatsonqo@chronoengine.com,Male,9.204.67.199,7619
962,Fiann,Wontner,fwontnerqp@jimdo.com,Female,215.187.237.243,6738
963,Art,Corderoy,acorderoyqq@ucla.edu,Male,131.39.125.227,6381
964,Myrah,Rummings,mrummingsqr@biglobe.ne.jp,Female,114.5.30.83,1511
965,Claudianus,Van Driel,cvandrielqs@guardian.co.uk,Male,39.247.172.48,5638
966,Osmund,Soreau,osoreauqt@pinterest.com,Male,171.80.127.126,1529
967,Arliene,Cryer,acryerqu@dailymail.co.uk,Female,29.183.128.91,6612
968,Robby,Backshell,rbackshellqv@dion.ne.jp,Male,171.51.145.211,7861
969,Lyell,Bouda,lboudaqw@squidoo.com,Male,98.164.204.245,4437
970,Mannie,Craine,mcraineqx@gnu.org,Male,21.29.105.51,2730
971,Brice,Berisford,bberisfordqy@sakura.ne.jp,Male,231.37.156.154,7890
972,Shelby,Inns,sinnsqz@hud.gov,Genderqueer,236.194.123.102,1144
973,Laureen,Pollastrone,lpollastroner0@google.com.br,Female,158.133.40.226,4300
974,Maura,Hegden,mhegdenr1@umich.edu,Female,10.179.231.141,7073
975,Dal,Estabrook,destabrookr2@howstuffworks.com,Male,64.161.40.218,8185
976,Kelsey,D'Enrico,kdenricor3@webeden.co.uk,Female,113.76.44.166,8304
977,Hart,Casaroli,hcasarolir4@stumbleupon.com,Male,144.22.164.104,6579
978,Vanessa,Roark,vroarkr5@ovh.net,Female,184.52.61.3,2449
979,Lexy,Ferrino,lferrinor6@tmall.com,Female,189.148.236.228,6546
980,Audie,Tendahl,atendahlr7@vkontakte.ru,Female,130.102.86.97,9199
981,Lonnie,Danjoie,ldanjoier8@senate.gov,Male,11.14.105.122,4411
982,Micky,Wills,mwillsr9@pbs.org,Male,56.155.251.56,6386
983,Rob,Phelips,rphelipsra@infoseek.co.jp,Male,115.207.117.46,1021
984,Anatol,MacNucator,amacnucatorrb@microsoft.com,Male,67.204.97.229,6996
985,Nicolea,Welch,nwelchrc@scribd.com,Female,27.191.235.215,5108
986,Abby,Tregunna,atregunnard@smugmug.com,Agender,37.104.172.230,1051
987,Izak,Bucknall,ibucknallre@alibaba.com,Male,240.233.217.96,1380
988,Jason,Sherringham,jsherringhamrf@istockphoto.com,Male,19.177.90.71,7075
989,Alfi,Camies,acamiesrg@aol.com,Female,150.248.178.204,9308
990,Jacynth,Cockman,jcockmanrh@netscape.com,Female,149.67.203.144,5405
991,Rafael,Couch,rcouchri@toplist.cz,Male,199.218.65.54,8319
992,Leone,Phare,lpharerj@biglobe.ne.jp,Female,57.55.40.156,3267
993,Frank,Dinjes,fdinjesrk@printfriendly.com,Male,163.10.80.255,7236
994,Rene,Leupoldt,rleupoldtrl@fastcompany.com,Female,214.5.113.254,9509
995,Carlos,Menichillo,cmenichillorm@moonfruit.com,Male,8.18.76.148,8044
996,Felita,Erskine,ferskinern@skyrock.com,Female,76.35.239.9,4922
997,Anton,Borgesio,aborgesioro@ftc.gov,Male,52.148.176.251,3624
998,Christos,Jorissen,cjorissenrp@discuz.net,Male,118.34.167.80,8968
999,Carlynn,Kevlin,ckevlinrq@eventbrite.com,Genderfluid,160.200.40.223,2333
1000,Kylynn,Bridgwood,kbridgwoodrr@hibu.com,Female,55.138.100.247,6711
